{"cameraMode":{"drawMode":0,"name":"Shaded","section":"Shading Mode"},"sceneLighting":false,"audioPlay":false,"sceneViewState":{"showFog":true,"showMaterialUpdate":false,"showSkybox":false,"showFlares":true,"showImageEffects":true,"showParticleSystems":true},"in2DMode":false,"pivot":{"x":6.098170757293701,"y":-0.4895831048488617,"z":7.081088066101074},"rotation":{"x":0.19822970032691956,"y":0.4385436475276947,"z":-0.09982853382825852,"w":0.8708788752555847},"size":53.32029724121094,"orthographic":false}