{"cameraMode":{"drawMode":0,"name":"Shaded","section":"Shading Mode"},"sceneLighting":true,"audioPlay":false,"sceneViewState":{"showFog":true,"showMaterialUpdate":false,"showSkybox":true,"showFlares":true,"showImageEffects":true,"showParticleSystems":true},"in2DMode":false,"pivot":{"x":0.49999409914016726,"y":0.42546793818473818,"z":2.410475254058838},"rotation":{"x":0.27197912335395815,"y":0.07496044784784317,"z":-0.021262910217046739,"w":0.9591492414474487},"size":-0.008020162582397461,"orthographic":false}