{"cameraMode":{"drawMode":0,"name":"Shaded","section":"Shading Mode"},"sceneLighting":false,"audioPlay":false,"sceneViewState":{"showFog":true,"showMaterialUpdate":false,"showSkybox":false,"showFlares":true,"showImageEffects":true,"showParticleSystems":true},"in2DMode":false,"pivot":{"x":2.7633471488952638,"y":-1.3536525964736939,"z":2.9647057056427},"rotation":{"x":0.27197912335395815,"y":0.07496044784784317,"z":-0.021262910217046739,"w":0.9591492414474487},"size":0.14289450645446778,"orthographic":false}